{"cameraMode":{"drawMode":0,"name":"Shaded","section":"Shading Mode"},"sceneLighting":false,"audioPlay":false,"sceneViewState":{"showFog":true,"showMaterialUpdate":true,"showSkybox":true,"showFlares":true,"showImageEffects":true,"showParticleSystems":true},"in2DMode":false,"pivot":{"x":82.11456298828125,"y":0.6079025268554688,"z":77.65664672851563},"rotation":{"x":-0.4728180170059204,"y":-0.013721635565161705,"z":0.02662990242242813,"w":-0.8817535042762756},"size":39.28853988647461,"orthographic":false}