{"cameraMode":{"drawMode":0,"name":"Shaded","section":"Shading Mode"},"sceneLighting":false,"audioPlay":false,"sceneViewState":{"showFog":true,"showMaterialUpdate":true,"showSkybox":true,"showFlares":true,"showImageEffects":true,"showParticleSystems":true},"in2DMode":false,"pivot":{"x":54.64239501953125,"y":-160.8927001953125,"z":483.47784423828127},"rotation":{"x":0.16636595129966737,"y":0.007585725747048855,"z":-0.013362051919102669,"w":0.9868563413619995},"size":259.00177001953127,"orthographic":false}