{"cameraMode":{"drawMode":0,"name":"Shaded","section":"Shading Mode"},"sceneLighting":false,"audioPlay":false,"sceneViewState":{"showFog":true,"showMaterialUpdate":true,"showSkybox":true,"showFlares":true,"showImageEffects":true,"showParticleSystems":true},"in2DMode":false,"pivot":{"x":94.70614624023438,"y":98.12242126464844,"z":40.926414489746097},"rotation":{"x":-0.3902319371700287,"y":0.46778836846351626,"z":-0.21777859330177308,"w":-0.7637515068054199},"size":6.062177658081055,"orthographic":false}