{"cameraMode":{"drawMode":0,"name":"Shaded","section":"Shading Mode"},"sceneLighting":false,"audioPlay":false,"sceneViewState":{"showFog":true,"showMaterialUpdate":false,"showSkybox":true,"showFlares":true,"showImageEffects":true,"showParticleSystems":true},"in2DMode":false,"pivot":{"x":41.603511810302737,"y":-41.23865509033203,"z":166.48104858398438},"rotation":{"x":-0.24598897993564607,"y":0.2512938678264618,"z":-0.06191828474402428,"w":-0.9349857568740845},"size":53.2138786315918,"orthographic":false}