{"cameraMode":{"drawMode":0,"name":"Shaded","section":"Shading Mode"},"sceneLighting":false,"audioPlay":false,"sceneViewState":{"showFog":true,"showMaterialUpdate":false,"showSkybox":true,"showFlares":true,"showImageEffects":true,"showParticleSystems":true},"in2DMode":false,"pivot":{"x":86.80154418945313,"y":24.386213302612306,"z":110.87802124023438},"rotation":{"x":-0.36453020572662356,"y":0.15430478751659394,"z":-0.05797457695007324,"w":-0.9173865914344788},"size":17.919483184814454,"orthographic":false}