{"cameraMode":{"drawMode":0,"name":"Shaded","section":"Shading Mode"},"sceneLighting":false,"audioPlay":false,"sceneViewState":{"showFog":true,"showMaterialUpdate":true,"showSkybox":true,"showFlares":true,"showImageEffects":true,"showParticleSystems":true},"in2DMode":false,"pivot":{"x":-28.650989532470704,"y":-25.995969772338868,"z":53.44135284423828},"rotation":{"x":-0.20508073270320893,"y":0.25102394819259646,"z":-0.03703301399946213,"w":-0.9463102221488953},"size":39.28853988647461,"orthographic":false}