{"cameraMode":{"drawMode":0,"name":"Shaded","section":"Shading Mode"},"sceneLighting":false,"audioPlay":false,"sceneViewState":{"showFog":true,"showMaterialUpdate":true,"showSkybox":true,"showFlares":true,"showImageEffects":true,"showParticleSystems":true},"in2DMode":false,"pivot":{"x":34.6010627746582,"y":-5.389259338378906,"z":109.50338745117188},"rotation":{"x":-0.4052310585975647,"y":0.381803035736084,"z":-0.1685006469488144,"w":-0.8145982623100281},"size":39.28853988647461,"orthographic":false}