{"cameraMode":{"drawMode":0,"name":"Shaded","section":"Shading Mode"},"sceneLighting":false,"audioPlay":false,"sceneViewState":{"showFog":true,"showMaterialUpdate":true,"showSkybox":true,"showFlares":true,"showImageEffects":true,"showParticleSystems":true},"in2DMode":false,"pivot":{"x":103.69110870361328,"y":-304.2552490234375,"z":448.26104736328127},"rotation":{"x":-0.3897252082824707,"y":-0.039643123745918277,"z":0.030894652009010316,"w":-0.9205197691917419},"size":259.00177001953127,"orthographic":false}