{"cameraMode":{"drawMode":0,"name":"Shaded","section":"Shading Mode"},"sceneLighting":false,"audioPlay":false,"sceneViewState":{"showFog":true,"showMaterialUpdate":false,"showSkybox":true,"showFlares":true,"showImageEffects":true,"showParticleSystems":true},"in2DMode":false,"pivot":{"x":30.63531494140625,"y":-3.487020254135132,"z":7.252498626708984},"rotation":{"x":-0.009937264956533909,"y":0.6748001575469971,"z":0.005123235750943422,"w":0.7390099763870239},"size":10.105874061584473,"orthographic":false}