{"cameraMode":{"drawMode":0,"name":"Shaded","section":"Shading Mode"},"sceneLighting":false,"audioPlay":false,"sceneViewState":{"showFog":true,"showMaterialUpdate":false,"showSkybox":true,"showFlares":true,"showImageEffects":true,"showParticleSystems":true},"in2DMode":false,"pivot":{"x":87.22269439697266,"y":-13.756314277648926,"z":68.50091552734375},"rotation":{"x":-0.47384747862815859,"y":0.015321854501962662,"z":-0.004287194926291704,"w":-0.881420373916626},"size":53.2138786315918,"orthographic":false}