{"cameraMode":{"drawMode":0,"name":"Shaded","section":"Shading Mode"},"sceneLighting":false,"audioPlay":false,"sceneViewState":{"showFog":true,"showMaterialUpdate":true,"showSkybox":false,"showFlares":true,"showImageEffects":true,"showParticleSystems":true},"in2DMode":false,"pivot":{"x":7.632533073425293,"y":3.9138641357421877,"z":18.59208106994629},"rotation":{"x":0.23986826837062837,"y":-0.3169659376144409,"z":0.06714464724063873,"w":0.9161302447319031},"size":5.288430213928223,"orthographic":false}