{"cameraMode":{"drawMode":0,"name":"Shaded","section":"Shading Mode"},"sceneLighting":false,"audioPlay":false,"sceneViewState":{"showFog":true,"showMaterialUpdate":true,"showSkybox":false,"showFlares":true,"showImageEffects":true,"showParticleSystems":true},"in2DMode":false,"pivot":{"x":13.965337753295899,"y":3.1499998569488527,"z":19.764633178710939},"rotation":{"x":0.2069978564977646,"y":-0.33704856038093569,"z":0.06019909679889679,"w":0.9174599647521973},"size":5.200480937957764,"orthographic":false}