{"cameraMode":{"drawMode":0,"name":"Shaded","section":"Shading Mode"},"sceneLighting":false,"audioPlay":false,"sceneViewState":{"showFog":true,"showMaterialUpdate":true,"showSkybox":true,"showFlares":true,"showImageEffects":true,"showParticleSystems":true},"in2DMode":false,"pivot":{"x":264.20355224609377,"y":102.33982849121094,"z":-74.70203399658203},"rotation":{"x":0.03626270219683647,"y":-0.08528613299131394,"z":-0.011628938838839531,"w":0.9965341687202454},"size":259.00177001953127,"orthographic":false}