{"cameraMode":{"drawMode":0,"name":"Shaded","section":"Shading Mode"},"sceneLighting":false,"audioPlay":false,"sceneViewState":{"showFog":true,"showMaterialUpdate":false,"showSkybox":true,"showFlares":true,"showImageEffects":true,"showParticleSystems":true},"in2DMode":false,"pivot":{"x":113.21660614013672,"y":-29.8502254486084,"z":107.07378387451172},"rotation":{"x":-0.330651193857193,"y":-0.5221148133277893,"z":0.23405402898788453,"w":-0.7516367435455322},"size":46.631141662597659,"orthographic":false}