{"cameraMode":{"drawMode":0,"name":"Shaded","section":"Shading Mode"},"sceneLighting":false,"audioPlay":false,"sceneViewState":{"showFog":true,"showMaterialUpdate":false,"showSkybox":true,"showFlares":true,"showImageEffects":true,"showParticleSystems":true},"in2DMode":false,"pivot":{"x":86.55209350585938,"y":-34.316036224365237,"z":167.117431640625},"rotation":{"x":-0.4031742513179779,"y":-0.039196938276290897,"z":0.021381055936217309,"w":-0.9149602651596069},"size":53.2138786315918,"orthographic":false}