{"cameraMode":{"drawMode":0,"name":"Shaded","section":"Shading Mode"},"sceneLighting":false,"audioPlay":false,"sceneViewState":{"showFog":true,"showMaterialUpdate":true,"showSkybox":true,"showFlares":true,"showImageEffects":true,"showParticleSystems":true},"in2DMode":false,"pivot":{"x":331.5063171386719,"y":-288.9180908203125,"z":56.28596496582031},"rotation":{"x":-0.29916274547576907,"y":-0.6251267790794373,"z":0.3040395975112915,"w":-0.655026376247406},"size":259.00177001953127,"orthographic":false}